task_id	experiment	condition	purity_pct	mixture_pct	c2_pct	c3_pct	normal_pct	seed	bam
0	e1	c50p10m10	10	10	1	9	90	1010	short/e1/c50p10m10/short.out/sim.srt.bam
1	e1	c50p10m30	10	30	3	7	90	1020	short/e1/c50p10m30/short.out/sim.srt.bam
2	e1	c50p10m50	10	50	5	5	90	1030	short/e1/c50p10m50/short.out/sim.srt.bam
3	e1	c50p20m10	20	10	2	18	80	1040	short/e1/c50p20m10/short.out/sim.srt.bam
4	e1	c50p20m30	20	30	6	14	80	1050	short/e1/c50p20m30/short.out/sim.srt.bam
5	e1	c50p20m50	20	50	10	10	80	1060	short/e1/c50p20m50/short.out/sim.srt.bam
6	e1	c50p40m10	40	10	4	36	60	1070	short/e1/c50p40m10/short.out/sim.srt.bam
7	e1	c50p40m30	40	30	12	28	60	1080	short/e1/c50p40m30/short.out/sim.srt.bam
8	e1	c50p40m50	40	50	20	20	60	1090	short/e1/c50p40m50/short.out/sim.srt.bam
9	e1	c50p60m10	60	10	6	54	40	1100	short/e1/c50p60m10/short.out/sim.srt.bam
10	e1	c50p60m30	60	30	18	42	40	1110	short/e1/c50p60m30/short.out/sim.srt.bam
11	e1	c50p60m50	60	50	30	30	40	1120	short/e1/c50p60m50/short.out/sim.srt.bam
12	e1	c50p80m10	80	10	8	72	20	1130	short/e1/c50p80m10/short.out/sim.srt.bam
13	e1	c50p80m30	80	30	24	56	20	1140	short/e1/c50p80m30/short.out/sim.srt.bam
14	e1	c50p80m50	80	50	40	40	20	1150	short/e1/c50p80m50/short.out/sim.srt.bam
15	e2	c50p10m10	10	10	1	9	90	2010	short/e2/c50p10m10/short.out/sim.srt.bam
16	e2	c50p10m30	10	30	3	7	90	2020	short/e2/c50p10m30/short.out/sim.srt.bam
17	e2	c50p10m50	10	50	5	5	90	2030	short/e2/c50p10m50/short.out/sim.srt.bam
18	e2	c50p20m10	20	10	2	18	80	2040	short/e2/c50p20m10/short.out/sim.srt.bam
19	e2	c50p20m30	20	30	6	14	80	2050	short/e2/c50p20m30/short.out/sim.srt.bam
20	e2	c50p20m50	20	50	10	10	80	2060	short/e2/c50p20m50/short.out/sim.srt.bam
21	e2	c50p40m10	40	10	4	36	60	2070	short/e2/c50p40m10/short.out/sim.srt.bam
22	e2	c50p40m30	40	30	12	28	60	2080	short/e2/c50p40m30/short.out/sim.srt.bam
23	e2	c50p40m50	40	50	20	20	60	2090	short/e2/c50p40m50/short.out/sim.srt.bam
24	e2	c50p60m10	60	10	6	54	40	2100	short/e2/c50p60m10/short.out/sim.srt.bam
25	e2	c50p60m30	60	30	18	42	40	2110	short/e2/c50p60m30/short.out/sim.srt.bam
26	e2	c50p60m50	60	50	30	30	40	2120	short/e2/c50p60m50/short.out/sim.srt.bam
27	e2	c50p80m10	80	10	8	72	20	2130	short/e2/c50p80m10/short.out/sim.srt.bam
28	e2	c50p80m30	80	30	24	56	20	2140	short/e2/c50p80m30/short.out/sim.srt.bam
29	e2	c50p80m50	80	50	40	40	20	2150	short/e2/c50p80m50/short.out/sim.srt.bam
30	e4	c50p10m10	10	10	1	9	90	3010	short/e4/c50p10m10/short.out/sim.srt.bam
31	e4	c50p10m30	10	30	3	7	90	3020	short/e4/c50p10m30/short.out/sim.srt.bam
32	e4	c50p10m50	10	50	5	5	90	3030	short/e4/c50p10m50/short.out/sim.srt.bam
33	e4	c50p20m10	20	10	2	18	80	3040	short/e4/c50p20m10/short.out/sim.srt.bam
34	e4	c50p20m30	20	30	6	14	80	3050	short/e4/c50p20m30/short.out/sim.srt.bam
35	e4	c50p20m50	20	50	10	10	80	3060	short/e4/c50p20m50/short.out/sim.srt.bam
36	e4	c50p40m10	40	10	4	36	60	3070	short/e4/c50p40m10/short.out/sim.srt.bam
37	e4	c50p40m30	40	30	12	28	60	3080	short/e4/c50p40m30/short.out/sim.srt.bam
38	e4	c50p40m50	40	50	20	20	60	3090	short/e4/c50p40m50/short.out/sim.srt.bam
39	e4	c50p60m10	60	10	6	54	40	3100	short/e4/c50p60m10/short.out/sim.srt.bam
40	e4	c50p60m30	60	30	18	42	40	3110	short/e4/c50p60m30/short.out/sim.srt.bam
41	e4	c50p60m50	60	50	30	30	40	3120	short/e4/c50p60m50/short.out/sim.srt.bam
42	e4	c50p80m10	80	10	8	72	20	3130	short/e4/c50p80m10/short.out/sim.srt.bam
43	e4	c50p80m30	80	30	24	56	20	3140	short/e4/c50p80m30/short.out/sim.srt.bam
44	e4	c50p80m50	80	50	40	40	20	3150	short/e4/c50p80m50/short.out/sim.srt.bam
